{"packages/cupertino_icons/assets/CupertinoIcons.ttf":["packages/cupertino_icons/assets/CupertinoIcons.ttf"],"assets/fonts/Gayathri-Regular.ttf":["assets/fonts/Gayathri-Regular.ttf"],"assets/fonts/KaushanScript-Regular.ttf":["assets/fonts/KaushanScript-Regular.ttf"],"assets/fonts/PlayfairDisplay-Bold.ttf":["assets/fonts/PlayfairDisplay-Bold.ttf"],"assets/fonts/Slabo27px-Regular.ttf":["assets/fonts/Slabo27px-Regular.ttf"],"assets/images/details_image.jpg":["assets/images/details_image.jpg"],"assets/images/info_avatar.gif":["assets/images/info_avatar.gif"],"assets/animations/intro_anim.flr":["assets/animations/intro_anim.flr"],"assets/images/table_tennis.jpg":["assets/images/table_tennis.jpg"]}