[{"fonts":[{"asset":"fonts/MaterialIcons-Regular.ttf"}],"family":"MaterialIcons"},{"family":"Gayathri","fonts":[{"asset":"assets/fonts/Gayathri-Regular.ttf"}]},{"family":"PlayfairDisplay","fonts":[{"asset":"assets/fonts/PlayfairDisplay-Bold.ttf"}]},{"family":"Slabo","fonts":[{"asset":"assets/fonts/Slabo27px-Regular.ttf"}]},{"family":"KaushanScript-Regular","fonts":[{"asset":"assets/fonts/KaushanScript-Regular.ttf"}]},{"family":"packages/cupertino_icons/CupertinoIcons","fonts":[{"asset":"packages/cupertino_icons/assets/CupertinoIcons.ttf"}]},{"fonts":[{"asset":"fonts/MaterialIcons-Regular.ttf"}],"family":"MaterialIcons"}]